{
  "height": 250,
  "tabOrder": 17000,
  "width": 383.33333333333337,
  "x": 303.33333333333337,
  "y": 456.66666666666669,
  "z": 17000
}