{
  "height": 255.83333333333334,
  "tabOrder": 12000,
  "width": 392,
  "x": 293.33333333333337,
  "y": 456.66666666666669,
  "z": 14000
}