{
  "height": 71.666666666666671,
  "tabOrder": 7000,
  "width": 263.33333333333337,
  "x": 8.3333333333333339,
  "y": 445.99653169401677,
  "z": 9000
}