{
  "height": 268.57142857142861,
  "tabOrder": 10000,
  "width": 392.85714285714289,
  "x": 292.85714285714289,
  "y": 172.85714285714286,
  "z": 12000
}