{
  "height": 82,
  "tabOrder": 1000,
  "width": 176,
  "x": 180.36904761904765,
  "y": 1.0555555555555634,
  "z": 0
}