{
  "height": 71.666666666666671,
  "tabOrder": 6000,
  "width": 263.33333333333337,
  "x": 10,
  "y": 357.32813087435852,
  "z": 8000
}