{
  "height": 71.666666666666671,
  "tabOrder": 5000,
  "width": 263.33333333333337,
  "x": 10,
  "y": 268.65973005470028,
  "z": 7000
}