{
  "height": 71.666666666666671,
  "tabOrder": 8000,
  "width": 263.33333333333337,
  "x": 8.3333333333333339,
  "y": 534.664932513675,
  "z": 10000
}