{
  "height": 272.85714285714289,
  "tabOrder": 11000,
  "width": 581.42857142857144,
  "x": 687.14285714285722,
  "y": 172.85714285714286,
  "z": 13000
}