{
  "height": 534.28571428571433,
  "tabOrder": 3000,
  "width": 27.142857142857146,
  "x": 272.85714285714289,
  "y": 165.71428571428572,
  "z": 5000
}