{
  "height": 71.666666666666671,
  "tabOrder": 9000,
  "width": 263.33333333333337,
  "x": 10,
  "y": 623.33333333333326,
  "z": 11000
}