{
  "height": 83.055555555555586,
  "tabOrder": 15000,
  "width": 1251.5952380952383,
  "x": 5,
  "y": 78.4527539275291,
  "z": 2000
}