{
  "height": 82,
  "tabOrder": 2000,
  "width": 176,
  "x": 359.08333333333337,
  "y": 1.0555555555555869,
  "z": 2000
}