{
  "height": 541.66666666666674,
  "tabOrder": 14000,
  "width": 313.33333333333337,
  "x": 0,
  "y": 165,
  "z": 4000
}